User_ID,Scenario_ID,AC_Label,D_total,P_human,Risk,Subj,Info,Lit,Trust_Norm
0,0,1.0,0.222222,1.0,0.0,0.0,0.0,0.5,0.5
0,1,1.0,0.416667,1.0,0.0,0.0,0.0,0.5,0.5
0,2,1.0,0.333333,1.0,0.0,0.0,1.0,0.5,0.5
0,3,1.0,0.364583,1.0,0.0,0.0,1.0,0.5,0.5
0,4,1.0,0.666667,1.0,0.0,1.0,0.0,0.5,0.5
0,5,1.0,0.666667,1.0,0.0,1.0,0.0,0.5,0.5
0,6,1.0,0.666667,0.0,0.0,1.0,1.0,0.5,0.5
0,7,1.0,0.444444,1.0,0.0,1.0,1.0,0.5,0.5
0,8,1.0,0.277778,0.0,1.0,0.0,0.0,0.5,0.5
0,9,1.0,0.666667,1.0,1.0,0.0,0.0,0.5,0.5
0,10,1.0,0.166667,1.0,1.0,0.0,1.0,0.5,0.5
0,11,1.0,0.555556,0.0,1.0,0.0,1.0,0.5,0.5
0,12,1.0,0.666667,0.0,1.0,1.0,0.0,0.5,0.5
0,13,1.0,0.333333,1.0,1.0,1.0,0.0,0.5,0.5
0,14,1.0,0.333333,1.0,1.0,1.0,1.0,0.5,0.5
0,15,1.0,0.583333,1.0,1.0,1.0,1.0,0.5,0.5
1,0,1.0,0.222222,0.0,0.0,0.0,0.0,0.75,0.625
1,2,1.0,0.333333,0.0,0.0,0.0,1.0,0.75,0.625
1,3,1.0,0.364583,0.0,0.0,0.0,1.0,0.75,0.625
1,4,1.0,0.666667,0.0,0.0,1.0,0.0,0.75,0.625
1,5,1.0,0.666667,0.0,0.0,1.0,0.0,0.75,0.625
1,6,1.0,0.666667,0.0,0.0,1.0,1.0,0.75,0.625
1,7,1.0,0.444444,0.0,0.0,1.0,1.0,0.75,0.625
1,8,1.0,0.277778,0.0,1.0,0.0,0.0,0.75,0.625
1,9,1.0,0.666667,0.0,1.0,0.0,0.0,0.75,0.625
1,10,1.0,0.166667,0.0,1.0,0.0,1.0,0.75,0.625
1,11,1.0,0.555556,0.0,1.0,0.0,1.0,0.75,0.625
1,12,1.0,0.666667,0.0,1.0,1.0,0.0,0.75,0.625
1,13,1.0,0.333333,0.0,1.0,1.0,0.0,0.75,0.625
1,14,1.0,0.333333,0.0,1.0,1.0,1.0,0.75,0.625
1,15,1.0,0.583333,0.0,1.0,1.0,1.0,0.75,0.625
2,0,1.0,0.222222,0.0,0.0,0.0,0.0,0.5,0.5
2,1,1.0,0.416667,1.0,0.0,0.0,0.0,0.5,0.5
2,2,1.0,0.333333,0.0,0.0,0.0,1.0,0.5,0.5
2,3,1.0,0.364583,1.0,0.0,0.0,1.0,0.5,0.5
2,4,1.0,0.666667,1.0,0.0,1.0,0.0,0.5,0.5
2,5,1.0,0.666667,0.0,0.0,1.0,0.0,0.5,0.5
2,6,1.0,0.666667,0.0,0.0,1.0,1.0,0.5,0.5
2,7,1.0,0.444444,1.0,0.0,1.0,1.0,0.5,0.5
2,8,1.0,0.277778,0.0,1.0,0.0,0.0,0.5,0.5
2,9,1.0,0.666667,1.0,1.0,0.0,0.0,0.5,0.5
2,10,1.0,0.166667,0.0,1.0,0.0,1.0,0.5,0.5
2,11,1.0,0.555556,1.0,1.0,0.0,1.0,0.5,0.5
2,12,1.0,0.666667,0.0,1.0,1.0,0.0,0.5,0.5
2,13,1.0,0.333333,1.0,1.0,1.0,0.0,0.5,0.5
2,14,1.0,0.333333,0.0,1.0,1.0,1.0,0.5,0.5
2,15,1.0,0.583333,1.0,1.0,1.0,1.0,0.5,0.5
3,0,1.0,0.222222,0.0,0.0,0.0,0.0,0.5,0.75
3,2,1.0,0.333333,1.0,0.0,0.0,1.0,0.5,0.75
3,3,1.0,0.364583,0.0,0.0,0.0,1.0,0.5,0.75
3,4,1.0,0.666667,0.0,0.0,1.0,0.0,0.5,0.75
3,5,1.0,0.666667,1.0,0.0,1.0,0.0,0.5,0.75
3,6,1.0,0.666667,1.0,0.0,1.0,1.0,0.5,0.75
3,7,1.0,0.444444,1.0,0.0,1.0,1.0,0.5,0.75
3,8,1.0,0.277778,1.0,1.0,0.0,0.0,0.5,0.75
3,9,1.0,0.666667,1.0,1.0,0.0,0.0,0.5,0.75
3,10,1.0,0.166667,1.0,1.0,0.0,1.0,0.5,0.75
3,11,1.0,0.555556,1.0,1.0,0.0,1.0,0.5,0.75
3,12,1.0,0.666667,0.0,1.0,1.0,0.0,0.5,0.75
3,13,1.0,0.333333,0.0,1.0,1.0,0.0,0.5,0.75
3,14,1.0,0.333333,1.0,1.0,1.0,1.0,0.5,0.75
3,15,1.0,0.583333,0.0,1.0,1.0,1.0,0.5,0.75
4,0,1.0,0.222222,1.0,0.0,0.0,0.0,0.75,0.75
4,2,1.0,0.333333,1.0,0.0,0.0,1.0,0.75,0.75
4,3,1.0,0.364583,0.0,0.0,0.0,1.0,0.75,0.75
4,4,1.0,0.666667,1.0,0.0,1.0,0.0,0.75,0.75
4,5,1.0,0.666667,1.0,0.0,1.0,0.0,0.75,0.75
4,6,1.0,0.666667,0.0,0.0,1.0,1.0,0.75,0.75
4,7,1.0,0.444444,0.0,0.0,1.0,1.0,0.75,0.75
4,8,1.0,0.277778,0.0,1.0,0.0,0.0,0.75,0.75
4,9,1.0,0.666667,0.0,1.0,0.0,0.0,0.75,0.75
4,10,1.0,0.166667,1.0,1.0,0.0,1.0,0.75,0.75
4,11,1.0,0.555556,0.0,1.0,0.0,1.0,0.75,0.75
4,12,1.0,0.666667,0.0,1.0,1.0,0.0,0.75,0.75
4,13,1.0,0.333333,0.0,1.0,1.0,0.0,0.75,0.75
4,14,1.0,0.333333,0.0,1.0,1.0,1.0,0.75,0.75
4,15,1.0,0.583333,1.0,1.0,1.0,1.0,0.75,0.75
5,0,1.0,0.222222,1.0,0.0,0.0,0.0,0.75,0.125
5,1,1.0,0.416667,1.0,0.0,0.0,0.0,0.75,0.125
5,2,1.0,0.333333,1.0,0.0,0.0,1.0,0.75,0.125
5,3,1.0,0.364583,1.0,0.0,0.0,1.0,0.75,0.125
5,4,1.0,0.666667,1.0,0.0,1.0,0.0,0.75,0.125
5,5,1.0,0.666667,1.0,0.0,1.0,0.0,0.75,0.125
5,6,1.0,0.666667,1.0,0.0,1.0,1.0,0.75,0.125
5,7,1.0,0.444444,1.0,0.0,1.0,1.0,0.75,0.125
5,8,1.0,0.277778,1.0,1.0,0.0,0.0,0.75,0.125
5,9,1.0,0.666667,1.0,1.0,0.0,0.0,0.75,0.125
5,10,1.0,0.166667,1.0,1.0,0.0,1.0,0.75,0.125
5,11,1.0,0.555556,1.0,1.0,0.0,1.0,0.75,0.125
5,12,1.0,0.666667,1.0,1.0,1.0,0.0,0.75,0.125
5,13,1.0,0.333333,1.0,1.0,1.0,0.0,0.75,0.125
5,14,1.0,0.333333,1.0,1.0,1.0,1.0,0.75,0.125
5,15,1.0,0.583333,1.0,1.0,1.0,1.0,0.75,0.125
6,0,1.0,0.222222,1.0,0.0,0.0,0.0,1.0,0.875
6,1,1.0,0.416667,1.0,0.0,0.0,0.0,1.0,0.875
6,2,1.0,0.333333,0.0,0.0,0.0,1.0,1.0,0.875
6,3,1.0,0.364583,0.0,0.0,0.0,1.0,1.0,0.875
6,4,1.0,0.666667,0.0,0.0,1.0,0.0,1.0,0.875
6,5,1.0,0.666667,0.0,0.0,1.0,0.0,1.0,0.875
6,6,1.0,0.666667,1.0,0.0,1.0,1.0,1.0,0.875
6,7,1.0,0.444444,0.0,0.0,1.0,1.0,1.0,0.875
6,8,1.0,0.277778,0.0,1.0,0.0,0.0,1.0,0.875
6,9,1.0,0.666667,0.0,1.0,0.0,0.0,1.0,0.875
6,10,1.0,0.166667,1.0,1.0,0.0,1.0,1.0,0.875
6,11,1.0,0.555556,0.0,1.0,0.0,1.0,1.0,0.875
6,12,1.0,0.666667,0.0,1.0,1.0,0.0,1.0,0.875
6,13,1.0,0.333333,0.0,1.0,1.0,0.0,1.0,0.875
6,14,1.0,0.333333,1.0,1.0,1.0,1.0,1.0,0.875
6,15,1.0,0.583333,0.0,1.0,1.0,1.0,1.0,0.875
7,0,1.0,0.222222,1.0,0.0,0.0,0.0,0.5,0.625
7,1,1.0,0.416667,1.0,0.0,0.0,0.0,0.5,0.625
7,2,1.0,0.333333,0.0,0.0,0.0,1.0,0.5,0.625
7,3,1.0,0.364583,0.0,0.0,0.0,1.0,0.5,0.625
7,4,1.0,0.666667,0.0,0.0,1.0,0.0,0.5,0.625
7,5,1.0,0.666667,0.0,0.0,1.0,0.0,0.5,0.625
7,6,1.0,0.666667,0.0,0.0,1.0,1.0,0.5,0.625
7,7,1.0,0.444444,0.0,0.0,1.0,1.0,0.5,0.625
7,8,1.0,0.277778,0.0,1.0,0.0,0.0,0.5,0.625
7,9,1.0,0.666667,1.0,1.0,0.0,0.0,0.5,0.625
7,10,1.0,0.166667,0.0,1.0,0.0,1.0,0.5,0.625
7,11,1.0,0.555556,0.0,1.0,0.0,1.0,0.5,0.625
7,12,1.0,0.666667,0.0,1.0,1.0,0.0,0.5,0.625
7,13,1.0,0.333333,0.0,1.0,1.0,0.0,0.5,0.625
7,14,1.0,0.333333,1.0,1.0,1.0,1.0,0.5,0.625
7,15,1.0,0.583333,1.0,1.0,1.0,1.0,0.5,0.625
8,0,1.0,0.222222,0.0,0.0,0.0,0.0,0.75,0.5
8,2,1.0,0.333333,1.0,0.0,0.0,1.0,0.75,0.5
8,3,1.0,0.364583,1.0,0.0,0.0,1.0,0.75,0.5
8,4,1.0,0.666667,1.0,0.0,1.0,0.0,0.75,0.5
8,5,1.0,0.666667,1.0,0.0,1.0,0.0,0.75,0.5
8,6,1.0,0.666667,1.0,0.0,1.0,1.0,0.75,0.5
8,7,1.0,0.444444,1.0,0.0,1.0,1.0,0.75,0.5
8,8,1.0,0.277778,1.0,1.0,0.0,0.0,0.75,0.5
8,9,1.0,0.666667,1.0,1.0,0.0,0.0,0.75,0.5
8,10,1.0,0.166667,1.0,1.0,0.0,1.0,0.75,0.5
8,11,1.0,0.555556,1.0,1.0,0.0,1.0,0.75,0.5
8,12,1.0,0.666667,0.0,1.0,1.0,0.0,0.75,0.5
8,13,1.0,0.333333,0.0,1.0,1.0,0.0,0.75,0.5
8,14,1.0,0.333333,1.0,1.0,1.0,1.0,0.75,0.5
8,15,1.0,0.583333,1.0,1.0,1.0,1.0,0.75,0.5
9,0,1.0,0.222222,1.0,0.0,0.0,0.0,0.0,0.125
9,2,1.0,0.333333,1.0,0.0,0.0,1.0,0.0,0.125
9,3,1.0,0.364583,0.0,0.0,0.0,1.0,0.0,0.125
9,4,1.0,0.666667,0.0,0.0,1.0,0.0,0.0,0.125
9,5,1.0,0.666667,0.0,0.0,1.0,0.0,0.0,0.125
9,6,1.0,0.666667,1.0,0.0,1.0,1.0,0.0,0.125
9,7,1.0,0.444444,0.0,0.0,1.0,1.0,0.0,0.125
9,8,1.0,0.277778,0.0,1.0,0.0,0.0,0.0,0.125
9,9,1.0,0.666667,0.0,1.0,0.0,0.0,0.0,0.125
9,10,1.0,0.166667,1.0,1.0,0.0,1.0,0.0,0.125
9,11,1.0,0.555556,0.0,1.0,0.0,1.0,0.0,0.125
9,12,1.0,0.666667,0.0,1.0,1.0,0.0,0.0,0.125
9,13,1.0,0.333333,1.0,1.0,1.0,0.0,0.0,0.125
9,14,1.0,0.333333,0.0,1.0,1.0,1.0,0.0,0.125
9,15,1.0,0.583333,1.0,1.0,1.0,1.0,0.0,0.125
10,0,1.0,0.222222,1.0,0.0,0.0,0.0,0.5,0.25
10,1,1.0,0.416667,1.0,0.0,0.0,0.0,0.5,0.25
10,2,1.0,0.333333,0.0,0.0,0.0,1.0,0.5,0.25
10,3,1.0,0.364583,1.0,0.0,0.0,1.0,0.5,0.25
10,4,1.0,0.666667,1.0,0.0,1.0,0.0,0.5,0.25
10,5,1.0,0.666667,0.0,0.0,1.0,0.0,0.5,0.25
10,6,1.0,0.666667,0.0,0.0,1.0,1.0,0.5,0.25
10,7,1.0,0.444444,0.0,0.0,1.0,1.0,0.5,0.25
10,8,1.0,0.277778,0.0,1.0,0.0,0.0,0.5,0.25
10,9,1.0,0.666667,1.0,1.0,0.0,0.0,0.5,0.25
10,10,1.0,0.166667,1.0,1.0,0.0,1.0,0.5,0.25
10,11,1.0,0.555556,1.0,1.0,0.0,1.0,0.5,0.25
10,12,1.0,0.666667,0.0,1.0,1.0,0.0,0.5,0.25
10,13,1.0,0.333333,0.0,1.0,1.0,0.0,0.5,0.25
10,14,1.0,0.333333,0.0,1.0,1.0,1.0,0.5,0.25
10,15,1.0,0.583333,0.0,1.0,1.0,1.0,0.5,0.25
11,0,1.0,0.222222,1.0,0.0,0.0,0.0,0.5,0.5
11,1,1.0,0.416667,1.0,0.0,0.0,0.0,0.5,0.5
11,2,1.0,0.333333,1.0,0.0,0.0,1.0,0.5,0.5
11,3,1.0,0.364583,0.0,0.0,0.0,1.0,0.5,0.5
11,4,1.0,0.666667,1.0,0.0,1.0,0.0,0.5,0.5
11,5,1.0,0.666667,1.0,0.0,1.0,0.0,0.5,0.5
11,6,1.0,0.666667,1.0,0.0,1.0,1.0,0.5,0.5
11,7,1.0,0.444444,0.0,0.0,1.0,1.0,0.5,0.5
11,8,1.0,0.277778,1.0,1.0,0.0,0.0,0.5,0.5
11,9,1.0,0.666667,1.0,1.0,0.0,0.0,0.5,0.5
11,10,1.0,0.166667,1.0,1.0,0.0,1.0,0.5,0.5
11,11,1.0,0.555556,1.0,1.0,0.0,1.0,0.5,0.5
11,12,1.0,0.666667,1.0,1.0,1.0,0.0,0.5,0.5
11,13,1.0,0.333333,1.0,1.0,1.0,0.0,0.5,0.5
11,14,1.0,0.333333,1.0,1.0,1.0,1.0,0.5,0.5
11,15,1.0,0.583333,1.0,1.0,1.0,1.0,0.5,0.5
12,0,1.0,0.222222,0.0,0.0,0.0,0.0,0.5,0.5
12,1,1.0,0.416667,1.0,0.0,0.0,0.0,0.5,0.5
12,2,1.0,0.333333,1.0,0.0,0.0,1.0,0.5,0.5
12,3,1.0,0.364583,1.0,0.0,0.0,1.0,0.5,0.5
12,4,1.0,0.666667,1.0,0.0,1.0,0.0,0.5,0.5
12,5,1.0,0.666667,0.0,0.0,1.0,0.0,0.5,0.5
12,6,1.0,0.666667,0.0,0.0,1.0,1.0,0.5,0.5
12,7,1.0,0.444444,1.0,0.0,1.0,1.0,0.5,0.5
12,8,1.0,0.277778,0.0,1.0,0.0,0.0,0.5,0.5
12,9,1.0,0.666667,1.0,1.0,0.0,0.0,0.5,0.5
12,10,1.0,0.166667,0.0,1.0,0.0,1.0,0.5,0.5
12,11,1.0,0.555556,0.0,1.0,0.0,1.0,0.5,0.5
12,12,1.0,0.666667,0.0,1.0,1.0,0.0,0.5,0.5
12,13,1.0,0.333333,1.0,1.0,1.0,0.0,0.5,0.5
12,14,1.0,0.333333,1.0,1.0,1.0,1.0,0.5,0.5
12,15,1.0,0.583333,1.0,1.0,1.0,1.0,0.5,0.5
13,0,1.0,0.222222,0.0,0.0,0.0,0.0,0.5,0.75
13,2,1.0,0.333333,0.0,0.0,0.0,1.0,0.5,0.75
13,3,1.0,0.364583,0.0,0.0,0.0,1.0,0.5,0.75
13,4,1.0,0.666667,0.0,0.0,1.0,0.0,0.5,0.75
13,5,1.0,0.666667,0.0,0.0,1.0,0.0,0.5,0.75
13,6,1.0,0.666667,0.0,0.0,1.0,1.0,0.5,0.75
13,7,1.0,0.444444,0.0,0.0,1.0,1.0,0.5,0.75
13,8,1.0,0.277778,0.0,1.0,0.0,0.0,0.5,0.75
13,9,1.0,0.666667,0.0,1.0,0.0,0.0,0.5,0.75
13,10,1.0,0.166667,0.0,1.0,0.0,1.0,0.5,0.75
13,11,1.0,0.555556,0.0,1.0,0.0,1.0,0.5,0.75
13,12,1.0,0.666667,0.0,1.0,1.0,0.0,0.5,0.75
13,13,1.0,0.333333,0.0,1.0,1.0,0.0,0.5,0.75
13,14,1.0,0.333333,0.0,1.0,1.0,1.0,0.5,0.75
13,15,1.0,0.583333,0.0,1.0,1.0,1.0,0.5,0.75
14,0,1.0,0.222222,1.0,0.0,0.0,0.0,0.5,0.25
14,1,1.0,0.416667,1.0,0.0,0.0,0.0,0.5,0.25
14,2,1.0,0.333333,1.0,0.0,0.0,1.0,0.5,0.25
14,3,1.0,0.364583,1.0,0.0,0.0,1.0,0.5,0.25
14,4,1.0,0.666667,1.0,0.0,1.0,0.0,0.5,0.25
14,5,1.0,0.666667,1.0,0.0,1.0,0.0,0.5,0.25
14,6,1.0,0.666667,1.0,0.0,1.0,1.0,0.5,0.25
14,7,1.0,0.444444,1.0,0.0,1.0,1.0,0.5,0.25
14,8,1.0,0.277778,1.0,1.0,0.0,0.0,0.5,0.25
14,9,1.0,0.666667,1.0,1.0,0.0,0.0,0.5,0.25
14,10,1.0,0.166667,1.0,1.0,0.0,1.0,0.5,0.25
14,11,1.0,0.555556,1.0,1.0,0.0,1.0,0.5,0.25
14,12,1.0,0.666667,1.0,1.0,1.0,0.0,0.5,0.25
14,13,1.0,0.333333,1.0,1.0,1.0,0.0,0.5,0.25
14,14,1.0,0.333333,1.0,1.0,1.0,1.0,0.5,0.25
14,15,1.0,0.583333,1.0,1.0,1.0,1.0,0.5,0.25
15,0,1.0,0.222222,1.0,0.0,0.0,0.0,0.5,0.75
15,1,1.0,0.416667,1.0,0.0,0.0,0.0,0.5,0.75
15,2,1.0,0.333333,0.0,0.0,0.0,1.0,0.5,0.75
15,3,1.0,0.364583,1.0,0.0,0.0,1.0,0.5,0.75
15,4,1.0,0.666667,0.0,0.0,1.0,0.0,0.5,0.75
15,5,1.0,0.666667,0.0,0.0,1.0,0.0,0.5,0.75
15,6,1.0,0.666667,1.0,0.0,1.0,1.0,0.5,0.75
15,7,1.0,0.444444,0.0,0.0,1.0,1.0,0.5,0.75
15,8,1.0,0.277778,0.0,1.0,0.0,0.0,0.5,0.75
15,9,1.0,0.666667,1.0,1.0,0.0,0.0,0.5,0.75
15,10,1.0,0.166667,1.0,1.0,0.0,1.0,0.5,0.75
15,11,1.0,0.555556,0.0,1.0,0.0,1.0,0.5,0.75
15,12,1.0,0.666667,1.0,1.0,1.0,0.0,0.5,0.75
15,13,1.0,0.333333,1.0,1.0,1.0,0.0,0.5,0.75
15,14,1.0,0.333333,1.0,1.0,1.0,1.0,0.5,0.75
15,15,1.0,0.583333,1.0,1.0,1.0,1.0,0.5,0.75
16,0,1.0,0.222222,0.0,0.0,0.0,0.0,0.75,0.625
16,1,1.0,0.416667,1.0,0.0,0.0,0.0,0.75,0.625
16,2,1.0,0.333333,0.0,0.0,0.0,1.0,0.75,0.625
16,3,1.0,0.364583,1.0,0.0,0.0,1.0,0.75,0.625
16,4,1.0,0.666667,0.0,0.0,1.0,0.0,0.75,0.625
16,5,1.0,0.666667,0.0,0.0,1.0,0.0,0.75,0.625
16,6,1.0,0.666667,1.0,0.0,1.0,1.0,0.75,0.625
16,7,1.0,0.444444,0.0,0.0,1.0,1.0,0.75,0.625
16,8,1.0,0.277778,0.0,1.0,0.0,0.0,0.75,0.625
16,9,1.0,0.666667,0.0,1.0,0.0,0.0,0.75,0.625
16,10,1.0,0.166667,1.0,1.0,0.0,1.0,0.75,0.625
16,11,1.0,0.555556,0.0,1.0,0.0,1.0,0.75,0.625
16,12,1.0,0.666667,0.0,1.0,1.0,0.0,0.75,0.625
16,13,1.0,0.333333,0.0,1.0,1.0,0.0,0.75,0.625
16,14,1.0,0.333333,0.0,1.0,1.0,1.0,0.75,0.625
16,15,1.0,0.583333,1.0,1.0,1.0,1.0,0.75,0.625
17,0,1.0,0.222222,1.0,0.0,0.0,0.0,0.75,0.625
17,1,1.0,0.416667,1.0,0.0,0.0,0.0,0.75,0.625
17,2,1.0,0.333333,0.0,0.0,0.0,1.0,0.75,0.625
17,3,1.0,0.364583,1.0,0.0,0.0,1.0,0.75,0.625
17,4,1.0,0.666667,0.0,0.0,1.0,0.0,0.75,0.625
17,5,1.0,0.666667,0.0,0.0,1.0,0.0,0.75,0.625
17,6,1.0,0.666667,0.0,0.0,1.0,1.0,0.75,0.625
17,7,1.0,0.444444,0.0,0.0,1.0,1.0,0.75,0.625
17,8,1.0,0.277778,1.0,1.0,0.0,0.0,0.75,0.625
17,9,1.0,0.666667,0.0,1.0,0.0,0.0,0.75,0.625
17,10,1.0,0.166667,1.0,1.0,0.0,1.0,0.75,0.625
17,11,1.0,0.555556,1.0,1.0,0.0,1.0,0.75,0.625
17,12,1.0,0.666667,0.0,1.0,1.0,0.0,0.75,0.625
17,13,1.0,0.333333,0.0,1.0,1.0,0.0,0.75,0.625
17,14,1.0,0.333333,0.0,1.0,1.0,1.0,0.75,0.625
17,15,1.0,0.583333,0.0,1.0,1.0,1.0,0.75,0.625
18,0,1.0,0.222222,1.0,0.0,0.0,0.0,0.5,0.25
18,1,1.0,0.416667,1.0,0.0,0.0,0.0,0.5,0.25
18,2,1.0,0.333333,1.0,0.0,0.0,1.0,0.5,0.25
18,3,1.0,0.364583,1.0,0.0,0.0,1.0,0.5,0.25
18,4,1.0,0.666667,0.0,0.0,1.0,0.0,0.5,0.25
18,5,1.0,0.666667,0.0,0.0,1.0,0.0,0.5,0.25
18,6,1.0,0.666667,0.0,0.0,1.0,1.0,0.5,0.25
18,7,1.0,0.444444,1.0,0.0,1.0,1.0,0.5,0.25
18,8,1.0,0.277778,0.0,1.0,0.0,0.0,0.5,0.25
18,9,1.0,0.666667,0.0,1.0,0.0,0.0,0.5,0.25
18,10,1.0,0.166667,1.0,1.0,0.0,1.0,0.5,0.25
18,11,1.0,0.555556,0.0,1.0,0.0,1.0,0.5,0.25
18,12,1.0,0.666667,0.0,1.0,1.0,0.0,0.5,0.25
18,13,1.0,0.333333,0.0,1.0,1.0,0.0,0.5,0.25
18,14,1.0,0.333333,0.0,1.0,1.0,1.0,0.5,0.25
18,15,1.0,0.583333,1.0,1.0,1.0,1.0,0.5,0.25
19,0,1.0,0.222222,0.0,0.0,0.0,0.0,0.5,0.75
19,2,1.0,0.333333,1.0,0.0,0.0,1.0,0.5,0.75
19,3,1.0,0.364583,0.0,0.0,0.0,1.0,0.5,0.75
19,4,1.0,0.666667,0.0,0.0,1.0,0.0,0.5,0.75
19,5,1.0,0.666667,0.0,0.0,1.0,0.0,0.5,0.75
19,6,1.0,0.666667,1.0,0.0,1.0,1.0,0.5,0.75
19,7,1.0,0.444444,1.0,0.0,1.0,1.0,0.5,0.75
19,8,1.0,0.277778,0.0,1.0,0.0,0.0,0.5,0.75
19,9,1.0,0.666667,0.0,1.0,0.0,0.0,0.5,0.75
19,10,1.0,0.166667,0.0,1.0,0.0,1.0,0.5,0.75
19,11,1.0,0.555556,0.0,1.0,0.0,1.0,0.5,0.75
19,12,1.0,0.666667,1.0,1.0,1.0,0.0,0.5,0.75
19,13,1.0,0.333333,1.0,1.0,1.0,0.0,0.5,0.75
19,14,1.0,0.333333,1.0,1.0,1.0,1.0,0.5,0.75
19,15,1.0,0.583333,0.0,1.0,1.0,1.0,0.5,0.75
20,0,1.0,0.222222,0.0,0.0,0.0,0.0,0.75,0.375
20,1,1.0,0.416667,1.0,0.0,0.0,0.0,0.75,0.375
20,2,1.0,0.333333,1.0,0.0,0.0,1.0,0.75,0.375
20,3,1.0,0.364583,0.0,0.0,0.0,1.0,0.75,0.375
20,4,1.0,0.666667,0.0,0.0,1.0,0.0,0.75,0.375
20,5,1.0,0.666667,0.0,0.0,1.0,0.0,0.75,0.375
20,6,1.0,0.666667,1.0,0.0,1.0,1.0,0.75,0.375
20,7,1.0,0.444444,0.0,0.0,1.0,1.0,0.75,0.375
20,8,1.0,0.277778,0.0,1.0,0.0,0.0,0.75,0.375
20,9,1.0,0.666667,0.0,1.0,0.0,0.0,0.75,0.375
20,10,1.0,0.166667,1.0,1.0,0.0,1.0,0.75,0.375
20,11,1.0,0.555556,0.0,1.0,0.0,1.0,0.75,0.375
20,12,1.0,0.666667,1.0,1.0,1.0,0.0,0.75,0.375
20,13,1.0,0.333333,0.0,1.0,1.0,0.0,0.75,0.375
20,14,1.0,0.333333,1.0,1.0,1.0,1.0,0.75,0.375
20,15,1.0,0.583333,1.0,1.0,1.0,1.0,0.75,0.375
21,0,1.0,0.222222,0.0,0.0,0.0,0.0,0.25,0.375
21,1,1.0,0.416667,1.0,0.0,0.0,0.0,0.25,0.375
21,2,1.0,0.333333,0.0,0.0,0.0,1.0,0.25,0.375
21,3,1.0,0.364583,0.0,0.0,0.0,1.0,0.25,0.375
21,4,1.0,0.666667,1.0,0.0,1.0,0.0,0.25,0.375
21,5,1.0,0.666667,1.0,0.0,1.0,0.0,0.25,0.375
21,6,1.0,0.666667,1.0,0.0,1.0,1.0,0.25,0.375
21,7,1.0,0.444444,1.0,0.0,1.0,1.0,0.25,0.375
21,8,1.0,0.277778,0.0,1.0,0.0,0.0,0.25,0.375
21,9,1.0,0.666667,1.0,1.0,0.0,0.0,0.25,0.375
21,10,1.0,0.166667,1.0,1.0,0.0,1.0,0.25,0.375
21,11,1.0,0.555556,1.0,1.0,0.0,1.0,0.25,0.375
21,12,1.0,0.666667,0.0,1.0,1.0,0.0,0.25,0.375
21,13,1.0,0.333333,0.0,1.0,1.0,0.0,0.25,0.375
21,14,1.0,0.333333,1.0,1.0,1.0,1.0,0.25,0.375
21,15,1.0,0.583333,0.0,1.0,1.0,1.0,0.25,0.375
22,0,1.0,0.222222,1.0,0.0,0.0,0.0,0.5,0.5
22,1,1.0,0.416667,1.0,0.0,0.0,0.0,0.5,0.5
22,2,1.0,0.333333,0.0,0.0,0.0,1.0,0.5,0.5
22,3,1.0,0.364583,0.0,0.0,0.0,1.0,0.5,0.5
22,4,1.0,0.666667,0.0,0.0,1.0,0.0,0.5,0.5
22,5,1.0,0.666667,0.0,0.0,1.0,0.0,0.5,0.5
22,6,1.0,0.666667,0.0,0.0,1.0,1.0,0.5,0.5
22,7,1.0,0.444444,1.0,0.0,1.0,1.0,0.5,0.5
22,8,1.0,0.277778,0.0,1.0,0.0,0.0,0.5,0.5
22,9,1.0,0.666667,1.0,1.0,0.0,0.0,0.5,0.5
22,10,1.0,0.166667,1.0,1.0,0.0,1.0,0.5,0.5
22,11,1.0,0.555556,0.0,1.0,0.0,1.0,0.5,0.5
22,12,1.0,0.666667,0.0,1.0,1.0,0.0,0.5,0.5
22,13,1.0,0.333333,1.0,1.0,1.0,0.0,0.5,0.5
22,14,1.0,0.333333,1.0,1.0,1.0,1.0,0.5,0.5
22,15,1.0,0.583333,1.0,1.0,1.0,1.0,0.5,0.5
23,0,1.0,0.222222,1.0,0.0,0.0,0.0,0.5,0.5
23,2,1.0,0.333333,1.0,0.0,0.0,1.0,0.5,0.5
23,3,1.0,0.364583,0.0,0.0,0.0,1.0,0.5,0.5
23,4,1.0,0.666667,0.0,0.0,1.0,0.0,0.5,0.5
23,5,1.0,0.666667,0.0,0.0,1.0,0.0,0.5,0.5
23,6,1.0,0.666667,1.0,0.0,1.0,1.0,0.5,0.5
23,7,1.0,0.444444,0.0,0.0,1.0,1.0,0.5,0.5
23,8,1.0,0.277778,0.0,1.0,0.0,0.0,0.5,0.5
23,9,1.0,0.666667,1.0,1.0,0.0,0.0,0.5,0.5
23,10,1.0,0.166667,1.0,1.0,0.0,1.0,0.5,0.5
23,11,1.0,0.555556,0.0,1.0,0.0,1.0,0.5,0.5
23,12,1.0,0.666667,0.0,1.0,1.0,0.0,0.5,0.5
23,13,1.0,0.333333,1.0,1.0,1.0,0.0,0.5,0.5
23,14,1.0,0.333333,0.0,1.0,1.0,1.0,0.5,0.5
23,15,1.0,0.583333,1.0,1.0,1.0,1.0,0.5,0.5
24,0,1.0,0.222222,1.0,0.0,0.0,0.0,0.25,0.375
24,2,1.0,0.333333,1.0,0.0,0.0,1.0,0.25,0.375
24,3,1.0,0.364583,0.0,0.0,0.0,1.0,0.25,0.375
24,4,1.0,0.666667,0.0,0.0,1.0,0.0,0.25,0.375
24,5,1.0,0.666667,0.0,0.0,1.0,0.0,0.25,0.375
24,6,1.0,0.666667,0.0,0.0,1.0,1.0,0.25,0.375
24,7,1.0,0.444444,0.0,0.0,1.0,1.0,0.25,0.375
24,8,1.0,0.277778,0.0,1.0,0.0,0.0,0.25,0.375
24,9,1.0,0.666667,0.0,1.0,0.0,0.0,0.25,0.375
24,10,1.0,0.166667,0.0,1.0,0.0,1.0,0.25,0.375
24,11,1.0,0.555556,0.0,1.0,0.0,1.0,0.25,0.375
24,12,1.0,0.666667,0.0,1.0,1.0,0.0,0.25,0.375
24,13,1.0,0.333333,1.0,1.0,1.0,0.0,0.25,0.375
24,14,1.0,0.333333,0.0,1.0,1.0,1.0,0.25,0.375
24,15,1.0,0.583333,0.0,1.0,1.0,1.0,0.25,0.375
25,0,1.0,0.222222,1.0,0.0,0.0,0.0,0.25,0.25
25,1,1.0,0.416667,1.0,0.0,0.0,0.0,0.25,0.25
25,2,1.0,0.333333,1.0,0.0,0.0,1.0,0.25,0.25
25,3,1.0,0.364583,0.0,0.0,0.0,1.0,0.25,0.25
25,4,1.0,0.666667,0.0,0.0,1.0,0.0,0.25,0.25
25,5,1.0,0.666667,0.0,0.0,1.0,0.0,0.25,0.25
25,6,1.0,0.666667,0.0,0.0,1.0,1.0,0.25,0.25
25,7,1.0,0.444444,0.0,0.0,1.0,1.0,0.25,0.25
25,8,1.0,0.277778,0.0,1.0,0.0,0.0,0.25,0.25
25,9,1.0,0.666667,1.0,1.0,0.0,0.0,0.25,0.25
25,10,1.0,0.166667,0.0,1.0,0.0,1.0,0.25,0.25
25,11,1.0,0.555556,1.0,1.0,0.0,1.0,0.25,0.25
25,12,1.0,0.666667,0.0,1.0,1.0,0.0,0.25,0.25
25,13,1.0,0.333333,0.0,1.0,1.0,0.0,0.25,0.25
25,14,1.0,0.333333,1.0,1.0,1.0,1.0,0.25,0.25
25,15,1.0,0.583333,1.0,1.0,1.0,1.0,0.25,0.25
26,0,1.0,0.222222,1.0,0.0,0.0,0.0,0.75,0.625
26,1,1.0,0.416667,1.0,0.0,0.0,0.0,0.75,0.625
26,2,1.0,0.333333,1.0,0.0,0.0,1.0,0.75,0.625
26,3,1.0,0.364583,0.0,0.0,0.0,1.0,0.75,0.625
26,4,1.0,0.666667,0.0,0.0,1.0,0.0,0.75,0.625
26,5,1.0,0.666667,0.0,0.0,1.0,0.0,0.75,0.625
26,6,1.0,0.666667,0.0,0.0,1.0,1.0,0.75,0.625
26,7,1.0,0.444444,0.0,0.0,1.0,1.0,0.75,0.625
26,8,1.0,0.277778,0.0,1.0,0.0,0.0,0.75,0.625
26,9,1.0,0.666667,0.0,1.0,0.0,0.0,0.75,0.625
26,10,1.0,0.166667,0.0,1.0,0.0,1.0,0.75,0.625
26,11,1.0,0.555556,0.0,1.0,0.0,1.0,0.75,0.625
26,12,1.0,0.666667,1.0,1.0,1.0,0.0,0.75,0.625
26,13,1.0,0.333333,0.0,1.0,1.0,0.0,0.75,0.625
26,14,1.0,0.333333,0.0,1.0,1.0,1.0,0.75,0.625
26,15,1.0,0.583333,0.0,1.0,1.0,1.0,0.75,0.625
27,0,1.0,0.222222,1.0,0.0,0.0,0.0,0.5,0.75
27,2,1.0,0.333333,0.0,0.0,0.0,1.0,0.5,0.75
27,3,1.0,0.364583,0.0,0.0,0.0,1.0,0.5,0.75
27,4,1.0,0.666667,0.0,0.0,1.0,0.0,0.5,0.75
27,5,1.0,0.666667,0.0,0.0,1.0,0.0,0.5,0.75
27,6,1.0,0.666667,0.0,0.0,1.0,1.0,0.5,0.75
27,7,1.0,0.444444,1.0,0.0,1.0,1.0,0.5,0.75
27,8,1.0,0.277778,1.0,1.0,0.0,0.0,0.5,0.75
27,9,1.0,0.666667,1.0,1.0,0.0,0.0,0.5,0.75
27,10,1.0,0.166667,0.0,1.0,0.0,1.0,0.5,0.75
27,11,1.0,0.555556,1.0,1.0,0.0,1.0,0.5,0.75
27,12,1.0,0.666667,1.0,1.0,1.0,0.0,0.5,0.75
27,13,1.0,0.333333,0.0,1.0,1.0,0.0,0.5,0.75
27,14,1.0,0.333333,1.0,1.0,1.0,1.0,0.5,0.75
27,15,1.0,0.583333,0.0,1.0,1.0,1.0,0.5,0.75
28,0,1.0,0.222222,1.0,0.0,0.0,0.0,0.5,0.625
28,1,1.0,0.416667,1.0,0.0,0.0,0.0,0.5,0.625
28,2,1.0,0.333333,1.0,0.0,0.0,1.0,0.5,0.625
28,3,1.0,0.364583,0.0,0.0,0.0,1.0,0.5,0.625
28,4,1.0,0.666667,1.0,0.0,1.0,0.0,0.5,0.625
28,5,1.0,0.666667,0.0,0.0,1.0,0.0,0.5,0.625
28,6,1.0,0.666667,0.0,0.0,1.0,1.0,0.5,0.625
28,7,1.0,0.444444,1.0,0.0,1.0,1.0,0.5,0.625
28,8,1.0,0.277778,0.0,1.0,0.0,0.0,0.5,0.625
28,9,1.0,0.666667,0.0,1.0,0.0,0.0,0.5,0.625
28,10,1.0,0.166667,1.0,1.0,0.0,1.0,0.5,0.625
28,11,1.0,0.555556,0.0,1.0,0.0,1.0,0.5,0.625
28,12,1.0,0.666667,1.0,1.0,1.0,0.0,0.5,0.625
28,13,1.0,0.333333,0.0,1.0,1.0,0.0,0.5,0.625
28,14,1.0,0.333333,0.0,1.0,1.0,1.0,0.5,0.625
28,15,1.0,0.583333,1.0,1.0,1.0,1.0,0.5,0.625
29,0,1.0,0.222222,0.0,0.0,0.0,0.0,0.5,0.75
29,2,1.0,0.333333,0.0,0.0,0.0,1.0,0.5,0.75
29,3,1.0,0.364583,0.0,0.0,0.0,1.0,0.5,0.75
29,4,1.0,0.666667,1.0,0.0,1.0,0.0,0.5,0.75
29,5,1.0,0.666667,0.0,0.0,1.0,0.0,0.5,0.75
29,6,1.0,0.666667,0.0,0.0,1.0,1.0,0.5,0.75
29,7,1.0,0.444444,0.0,0.0,1.0,1.0,0.5,0.75
29,8,1.0,0.277778,0.0,1.0,0.0,0.0,0.5,0.75
29,9,1.0,0.666667,0.0,1.0,0.0,0.0,0.5,0.75
29,10,1.0,0.166667,0.0,1.0,0.0,1.0,0.5,0.75
29,11,1.0,0.555556,0.0,1.0,0.0,1.0,0.5,0.75
29,12,1.0,0.666667,0.0,1.0,1.0,0.0,0.5,0.75
29,13,1.0,0.333333,0.0,1.0,1.0,0.0,0.5,0.75
29,14,1.0,0.333333,0.0,1.0,1.0,1.0,0.5,0.75
29,15,1.0,0.583333,0.0,1.0,1.0,1.0,0.5,0.75
30,0,1.0,0.222222,0.0,0.0,0.0,0.0,0.5,0.625
30,2,1.0,0.333333,0.0,0.0,0.0,1.0,0.5,0.625
30,3,1.0,0.364583,0.0,0.0,0.0,1.0,0.5,0.625
30,4,1.0,0.666667,0.0,0.0,1.0,0.0,0.5,0.625
30,5,1.0,0.666667,0.0,0.0,1.0,0.0,0.5,0.625
30,6,1.0,0.666667,1.0,0.0,1.0,1.0,0.5,0.625
30,7,1.0,0.444444,1.0,0.0,1.0,1.0,0.5,0.625
30,8,1.0,0.277778,1.0,1.0,0.0,0.0,0.5,0.625
30,9,1.0,0.666667,0.0,1.0,0.0,0.0,0.5,0.625
30,10,1.0,0.166667,0.0,1.0,0.0,1.0,0.5,0.625
30,11,1.0,0.555556,1.0,1.0,0.0,1.0,0.5,0.625
30,12,1.0,0.666667,0.0,1.0,1.0,0.0,0.5,0.625
30,13,1.0,0.333333,0.0,1.0,1.0,0.0,0.5,0.625
30,14,1.0,0.333333,1.0,1.0,1.0,1.0,0.5,0.625
30,15,1.0,0.583333,1.0,1.0,1.0,1.0,0.5,0.625
31,0,1.0,0.222222,1.0,0.0,0.0,0.0,0.5,0.875
31,2,1.0,0.333333,1.0,0.0,0.0,1.0,0.5,0.875
31,3,1.0,0.364583,0.0,0.0,0.0,1.0,0.5,0.875
31,4,1.0,0.666667,1.0,0.0,1.0,0.0,0.5,0.875
31,5,1.0,0.666667,1.0,0.0,1.0,0.0,0.5,0.875
31,6,1.0,0.666667,1.0,0.0,1.0,1.0,0.5,0.875
31,7,1.0,0.444444,1.0,0.0,1.0,1.0,0.5,0.875
31,8,1.0,0.277778,0.0,1.0,0.0,0.0,0.5,0.875
31,9,1.0,0.666667,0.0,1.0,0.0,0.0,0.5,0.875
31,10,1.0,0.166667,0.0,1.0,0.0,1.0,0.5,0.875
31,11,1.0,0.555556,0.0,1.0,0.0,1.0,0.5,0.875
31,12,1.0,0.666667,0.0,1.0,1.0,0.0,0.5,0.875
31,13,1.0,0.333333,0.0,1.0,1.0,0.0,0.5,0.875
31,14,1.0,0.333333,0.0,1.0,1.0,1.0,0.5,0.875
31,15,1.0,0.583333,0.0,1.0,1.0,1.0,0.5,0.875
32,0,1.0,0.222222,0.0,0.0,0.0,0.0,0.5,0.5
32,2,1.0,0.333333,1.0,0.0,0.0,1.0,0.5,0.5
32,3,1.0,0.364583,1.0,0.0,0.0,1.0,0.5,0.5
32,4,1.0,0.666667,1.0,0.0,1.0,0.0,0.5,0.5
32,5,1.0,0.666667,0.0,0.0,1.0,0.0,0.5,0.5
32,6,1.0,0.666667,0.0,0.0,1.0,1.0,0.5,0.5
32,7,1.0,0.444444,0.0,0.0,1.0,1.0,0.5,0.5
32,8,1.0,0.277778,1.0,1.0,0.0,0.0,0.5,0.5
32,9,1.0,0.666667,1.0,1.0,0.0,0.0,0.5,0.5
32,10,1.0,0.166667,1.0,1.0,0.0,1.0,0.5,0.5
32,11,1.0,0.555556,1.0,1.0,0.0,1.0,0.5,0.5
32,12,1.0,0.666667,1.0,1.0,1.0,0.0,0.5,0.5
32,13,1.0,0.333333,1.0,1.0,1.0,0.0,0.5,0.5
32,14,1.0,0.333333,0.0,1.0,1.0,1.0,0.5,0.5
32,15,1.0,0.583333,0.0,1.0,1.0,1.0,0.5,0.5
33,0,1.0,0.222222,0.0,0.0,0.0,0.0,0.75,0.5
33,1,1.0,0.416667,1.0,0.0,0.0,0.0,0.75,0.5
33,2,1.0,0.333333,1.0,0.0,0.0,1.0,0.75,0.5
33,3,1.0,0.364583,1.0,0.0,0.0,1.0,0.75,0.5
33,4,1.0,0.666667,1.0,0.0,1.0,0.0,0.75,0.5
33,5,1.0,0.666667,1.0,0.0,1.0,0.0,0.75,0.5
33,6,1.0,0.666667,0.0,0.0,1.0,1.0,0.75,0.5
33,7,1.0,0.444444,0.0,0.0,1.0,1.0,0.75,0.5
33,8,1.0,0.277778,1.0,1.0,0.0,0.0,0.75,0.5
33,9,1.0,0.666667,1.0,1.0,0.0,0.0,0.75,0.5
33,10,1.0,0.166667,0.0,1.0,0.0,1.0,0.75,0.5
33,11,1.0,0.555556,0.0,1.0,0.0,1.0,0.75,0.5
33,12,1.0,0.666667,1.0,1.0,1.0,0.0,0.75,0.5
33,13,1.0,0.333333,1.0,1.0,1.0,0.0,0.75,0.5
33,14,1.0,0.333333,0.0,1.0,1.0,1.0,0.75,0.5
33,15,1.0,0.583333,0.0,1.0,1.0,1.0,0.75,0.5
34,0,1.0,0.222222,1.0,0.0,0.0,0.0,0.5,1.0
34,1,1.0,0.416667,1.0,0.0,0.0,0.0,0.5,1.0
34,2,1.0,0.333333,0.0,0.0,0.0,1.0,0.5,1.0
34,3,1.0,0.364583,0.0,0.0,0.0,1.0,0.5,1.0
34,4,1.0,0.666667,0.0,0.0,1.0,0.0,0.5,1.0
34,5,1.0,0.666667,1.0,0.0,1.0,0.0,0.5,1.0
34,6,1.0,0.666667,0.0,0.0,1.0,1.0,0.5,1.0
34,7,1.0,0.444444,1.0,0.0,1.0,1.0,0.5,1.0
34,8,1.0,0.277778,0.0,1.0,0.0,0.0,0.5,1.0
34,9,1.0,0.666667,1.0,1.0,0.0,0.0,0.5,1.0
34,10,1.0,0.166667,0.0,1.0,0.0,1.0,0.5,1.0
34,11,1.0,0.555556,0.0,1.0,0.0,1.0,0.5,1.0
34,12,1.0,0.666667,0.0,1.0,1.0,0.0,0.5,1.0
34,13,1.0,0.333333,1.0,1.0,1.0,0.0,0.5,1.0
34,14,1.0,0.333333,0.0,1.0,1.0,1.0,0.5,1.0
34,15,1.0,0.583333,1.0,1.0,1.0,1.0,0.5,1.0
35,0,1.0,0.222222,0.0,0.0,0.0,0.0,0.25,0.25
35,2,1.0,0.333333,0.0,0.0,0.0,1.0,0.25,0.25
35,3,1.0,0.364583,1.0,0.0,0.0,1.0,0.25,0.25
35,4,1.0,0.666667,0.0,0.0,1.0,0.0,0.25,0.25
35,5,1.0,0.666667,1.0,0.0,1.0,0.0,0.25,0.25
35,6,1.0,0.666667,0.0,0.0,1.0,1.0,0.25,0.25
35,7,1.0,0.444444,1.0,0.0,1.0,1.0,0.25,0.25
35,8,1.0,0.277778,0.0,1.0,0.0,0.0,0.25,0.25
35,9,1.0,0.666667,0.0,1.0,0.0,0.0,0.25,0.25
35,10,1.0,0.166667,0.0,1.0,0.0,1.0,0.25,0.25
35,11,1.0,0.555556,0.0,1.0,0.0,1.0,0.25,0.25
35,12,1.0,0.666667,1.0,1.0,1.0,0.0,0.25,0.25
35,13,1.0,0.333333,0.0,1.0,1.0,0.0,0.25,0.25
35,14,1.0,0.333333,1.0,1.0,1.0,1.0,0.25,0.25
35,15,1.0,0.583333,1.0,1.0,1.0,1.0,0.25,0.25
36,0,1.0,0.222222,1.0,0.0,0.0,0.0,0.5,1.0
36,1,1.0,0.416667,1.0,0.0,0.0,0.0,0.5,1.0
36,2,1.0,0.333333,0.0,0.0,0.0,1.0,0.5,1.0
36,3,1.0,0.364583,1.0,0.0,0.0,1.0,0.5,1.0
36,4,1.0,0.666667,0.0,0.0,1.0,0.0,0.5,1.0
36,5,1.0,0.666667,0.0,0.0,1.0,0.0,0.5,1.0
36,6,1.0,0.666667,0.0,0.0,1.0,1.0,0.5,1.0
36,7,1.0,0.444444,1.0,0.0,1.0,1.0,0.5,1.0
36,8,1.0,0.277778,1.0,1.0,0.0,0.0,0.5,1.0
36,9,1.0,0.666667,0.0,1.0,0.0,0.0,0.5,1.0
36,10,1.0,0.166667,1.0,1.0,0.0,1.0,0.5,1.0
36,11,1.0,0.555556,0.0,1.0,0.0,1.0,0.5,1.0
36,12,1.0,0.666667,0.0,1.0,1.0,0.0,0.5,1.0
36,13,1.0,0.333333,0.0,1.0,1.0,0.0,0.5,1.0
36,14,1.0,0.333333,1.0,1.0,1.0,1.0,0.5,1.0
36,15,1.0,0.583333,0.0,1.0,1.0,1.0,0.5,1.0
37,0,1.0,0.222222,0.0,0.0,0.0,0.0,0.25,0.5
37,1,1.0,0.416667,1.0,0.0,0.0,0.0,0.25,0.5
37,2,1.0,0.333333,0.0,0.0,0.0,1.0,0.25,0.5
37,3,1.0,0.364583,0.0,0.0,0.0,1.0,0.25,0.5
37,4,1.0,0.666667,1.0,0.0,1.0,0.0,0.25,0.5
37,5,1.0,0.666667,1.0,0.0,1.0,0.0,0.25,0.5
37,6,1.0,0.666667,0.0,0.0,1.0,1.0,0.25,0.5
37,7,1.0,0.444444,1.0,0.0,1.0,1.0,0.25,0.5
37,8,1.0,0.277778,1.0,1.0,0.0,0.0,0.25,0.5
37,9,1.0,0.666667,1.0,1.0,0.0,0.0,0.25,0.5
37,10,1.0,0.166667,0.0,1.0,0.0,1.0,0.25,0.5
37,11,1.0,0.555556,1.0,1.0,0.0,1.0,0.25,0.5
37,12,1.0,0.666667,0.0,1.0,1.0,0.0,0.25,0.5
37,13,1.0,0.333333,1.0,1.0,1.0,0.0,0.25,0.5
37,14,1.0,0.333333,1.0,1.0,1.0,1.0,0.25,0.5
37,15,1.0,0.583333,1.0,1.0,1.0,1.0,0.25,0.5
38,0,1.0,0.222222,1.0,0.0,0.0,0.0,0.5,0.5
38,1,1.0,0.416667,1.0,0.0,0.0,0.0,0.5,0.5
38,2,1.0,0.333333,1.0,0.0,0.0,1.0,0.5,0.5
38,3,1.0,0.364583,1.0,0.0,0.0,1.0,0.5,0.5
38,4,1.0,0.666667,1.0,0.0,1.0,0.0,0.5,0.5
38,5,1.0,0.666667,1.0,0.0,1.0,0.0,0.5,0.5
38,6,1.0,0.666667,1.0,0.0,1.0,1.0,0.5,0.5
38,7,1.0,0.444444,1.0,0.0,1.0,1.0,0.5,0.5
38,8,1.0,0.277778,1.0,1.0,0.0,0.0,0.5,0.5
38,9,1.0,0.666667,1.0,1.0,0.0,0.0,0.5,0.5
38,10,1.0,0.166667,1.0,1.0,0.0,1.0,0.5,0.5
38,11,1.0,0.555556,1.0,1.0,0.0,1.0,0.5,0.5
38,12,1.0,0.666667,1.0,1.0,1.0,0.0,0.5,0.5
38,13,1.0,0.333333,1.0,1.0,1.0,0.0,0.5,0.5
38,14,1.0,0.333333,1.0,1.0,1.0,1.0,0.5,0.5
38,15,1.0,0.583333,1.0,1.0,1.0,1.0,0.5,0.5
39,0,1.0,0.222222,0.0,0.0,0.0,0.0,1.0,0.75
39,1,1.0,0.416667,1.0,0.0,0.0,0.0,1.0,0.75
39,2,1.0,0.333333,0.0,0.0,0.0,1.0,1.0,0.75
39,3,1.0,0.364583,1.0,0.0,0.0,1.0,1.0,0.75
39,4,1.0,0.666667,0.0,0.0,1.0,0.0,1.0,0.75
39,5,1.0,0.666667,0.0,0.0,1.0,0.0,1.0,0.75
39,6,1.0,0.666667,1.0,0.0,1.0,1.0,1.0,0.75
39,7,1.0,0.444444,0.0,0.0,1.0,1.0,1.0,0.75
39,8,1.0,0.277778,0.0,1.0,0.0,0.0,1.0,0.75
39,9,1.0,0.666667,0.0,1.0,0.0,0.0,1.0,0.75
39,10,1.0,0.166667,0.0,1.0,0.0,1.0,1.0,0.75
39,11,1.0,0.555556,0.0,1.0,0.0,1.0,1.0,0.75
39,12,1.0,0.666667,0.0,1.0,1.0,0.0,1.0,0.75
39,13,1.0,0.333333,1.0,1.0,1.0,0.0,1.0,0.75
39,14,1.0,0.333333,1.0,1.0,1.0,1.0,1.0,0.75
39,15,1.0,0.583333,0.0,1.0,1.0,1.0,1.0,0.75
40,0,1.0,0.222222,0.0,0.0,0.0,0.0,0.5,0.75
40,1,1.0,0.416667,1.0,0.0,0.0,0.0,0.5,0.75
40,2,1.0,0.333333,0.0,0.0,0.0,1.0,0.5,0.75
40,3,1.0,0.364583,0.0,0.0,0.0,1.0,0.5,0.75
40,4,1.0,0.666667,1.0,0.0,1.0,0.0,0.5,0.75
40,5,1.0,0.666667,1.0,0.0,1.0,0.0,0.5,0.75
40,6,1.0,0.666667,1.0,0.0,1.0,1.0,0.5,0.75
40,7,1.0,0.444444,1.0,0.0,1.0,1.0,0.5,0.75
40,8,1.0,0.277778,0.0,1.0,0.0,0.0,0.5,0.75
40,9,1.0,0.666667,0.0,1.0,0.0,0.0,0.5,0.75
40,10,1.0,0.166667,1.0,1.0,0.0,1.0,0.5,0.75
40,11,1.0,0.555556,0.0,1.0,0.0,1.0,0.5,0.75
40,12,1.0,0.666667,1.0,1.0,1.0,0.0,0.5,0.75
40,13,1.0,0.333333,1.0,1.0,1.0,0.0,0.5,0.75
40,14,1.0,0.333333,0.0,1.0,1.0,1.0,0.5,0.75
40,15,1.0,0.583333,0.0,1.0,1.0,1.0,0.5,0.75
41,0,1.0,0.222222,1.0,0.0,0.0,0.0,0.0,0.375
41,1,1.0,0.416667,1.0,0.0,0.0,0.0,0.0,0.375
41,2,1.0,0.333333,0.0,0.0,0.0,1.0,0.0,0.375
41,3,1.0,0.364583,0.0,0.0,0.0,1.0,0.0,0.375
41,4,1.0,0.666667,0.0,0.0,1.0,0.0,0.0,0.375
41,5,1.0,0.666667,0.0,0.0,1.0,0.0,0.0,0.375
41,6,1.0,0.666667,0.0,0.0,1.0,1.0,0.0,0.375
41,7,1.0,0.444444,0.0,0.0,1.0,1.0,0.0,0.375
41,8,1.0,0.277778,1.0,1.0,0.0,0.0,0.0,0.375
41,9,1.0,0.666667,0.0,1.0,0.0,0.0,0.0,0.375
41,10,1.0,0.166667,0.0,1.0,0.0,1.0,0.0,0.375
41,11,1.0,0.555556,1.0,1.0,0.0,1.0,0.0,0.375
41,12,1.0,0.666667,1.0,1.0,1.0,0.0,0.0,0.375
41,13,1.0,0.333333,0.0,1.0,1.0,0.0,0.0,0.375
41,14,1.0,0.333333,0.0,1.0,1.0,1.0,0.0,0.375
41,15,1.0,0.583333,1.0,1.0,1.0,1.0,0.0,0.375
42,0,1.0,0.222222,0.0,0.0,0.0,0.0,0.5,0.625
42,2,1.0,0.333333,0.0,0.0,0.0,1.0,0.5,0.625
42,3,1.0,0.364583,0.0,0.0,0.0,1.0,0.5,0.625
42,4,1.0,0.666667,0.0,0.0,1.0,0.0,0.5,0.625
42,5,1.0,0.666667,0.0,0.0,1.0,0.0,0.5,0.625
42,6,1.0,0.666667,0.0,0.0,1.0,1.0,0.5,0.625
42,7,1.0,0.444444,0.0,0.0,1.0,1.0,0.5,0.625
42,8,1.0,0.277778,0.0,1.0,0.0,0.0,0.5,0.625
42,9,1.0,0.666667,0.0,1.0,0.0,0.0,0.5,0.625
42,10,1.0,0.166667,0.0,1.0,0.0,1.0,0.5,0.625
42,11,1.0,0.555556,0.0,1.0,0.0,1.0,0.5,0.625
42,12,1.0,0.666667,0.0,1.0,1.0,0.0,0.5,0.625
42,13,1.0,0.333333,0.0,1.0,1.0,0.0,0.5,0.625
42,14,1.0,0.333333,0.0,1.0,1.0,1.0,0.5,0.625
42,15,1.0,0.583333,0.0,1.0,1.0,1.0,0.5,0.625
43,0,1.0,0.222222,0.0,0.0,0.0,0.0,0.5,0.5
43,1,1.0,0.416667,1.0,0.0,0.0,0.0,0.5,0.5
43,2,1.0,0.333333,1.0,0.0,0.0,1.0,0.5,0.5
43,3,1.0,0.364583,0.0,0.0,0.0,1.0,0.5,0.5
43,4,1.0,0.666667,0.0,0.0,1.0,0.0,0.5,0.5
43,5,1.0,0.666667,0.0,0.0,1.0,0.0,0.5,0.5
43,6,1.0,0.666667,1.0,0.0,1.0,1.0,0.5,0.5
43,7,1.0,0.444444,0.0,0.0,1.0,1.0,0.5,0.5
43,8,1.0,0.277778,0.0,1.0,0.0,0.0,0.5,0.5
43,9,1.0,0.666667,1.0,1.0,0.0,0.0,0.5,0.5
43,10,1.0,0.166667,1.0,1.0,0.0,1.0,0.5,0.5
43,11,1.0,0.555556,0.0,1.0,0.0,1.0,0.5,0.5
43,12,1.0,0.666667,0.0,1.0,1.0,0.0,0.5,0.5
43,13,1.0,0.333333,0.0,1.0,1.0,0.0,0.5,0.5
43,14,1.0,0.333333,0.0,1.0,1.0,1.0,0.5,0.5
43,15,1.0,0.583333,0.0,1.0,1.0,1.0,0.5,0.5
44,0,1.0,0.222222,0.0,0.0,0.0,0.0,0.75,0.625
44,2,1.0,0.333333,0.0,0.0,0.0,1.0,0.75,0.625
44,3,1.0,0.364583,0.0,0.0,0.0,1.0,0.75,0.625
44,4,1.0,0.666667,0.0,0.0,1.0,0.0,0.75,0.625
44,5,1.0,0.666667,0.0,0.0,1.0,0.0,0.75,0.625
44,6,1.0,0.666667,0.0,0.0,1.0,1.0,0.75,0.625
44,7,1.0,0.444444,0.0,0.0,1.0,1.0,0.75,0.625
44,8,1.0,0.277778,0.0,1.0,0.0,0.0,0.75,0.625
44,9,1.0,0.666667,1.0,1.0,0.0,0.0,0.75,0.625
44,10,1.0,0.166667,1.0,1.0,0.0,1.0,0.75,0.625
44,11,1.0,0.555556,0.0,1.0,0.0,1.0,0.75,0.625
44,12,1.0,0.666667,0.0,1.0,1.0,0.0,0.75,0.625
44,13,1.0,0.333333,0.0,1.0,1.0,0.0,0.75,0.625
44,14,1.0,0.333333,0.0,1.0,1.0,1.0,0.75,0.625
44,15,1.0,0.583333,1.0,1.0,1.0,1.0,0.75,0.625
45,0,1.0,0.222222,1.0,0.0,0.0,0.0,0.5,0.75
45,1,1.0,0.416667,1.0,0.0,0.0,0.0,0.5,0.75
45,2,1.0,0.333333,0.0,0.0,0.0,1.0,0.5,0.75
45,3,1.0,0.364583,0.0,0.0,0.0,1.0,0.5,0.75
45,4,1.0,0.666667,0.0,0.0,1.0,0.0,0.5,0.75
45,5,1.0,0.666667,0.0,0.0,1.0,0.0,0.5,0.75
45,6,1.0,0.666667,0.0,0.0,1.0,1.0,0.5,0.75
45,7,1.0,0.444444,0.0,0.0,1.0,1.0,0.5,0.75
45,8,1.0,0.277778,0.0,1.0,0.0,0.0,0.5,0.75
45,9,1.0,0.666667,0.0,1.0,0.0,0.0,0.5,0.75
45,10,1.0,0.166667,0.0,1.0,0.0,1.0,0.5,0.75
45,11,1.0,0.555556,0.0,1.0,0.0,1.0,0.5,0.75
45,12,1.0,0.666667,0.0,1.0,1.0,0.0,0.5,0.75
45,13,1.0,0.333333,0.0,1.0,1.0,0.0,0.5,0.75
45,14,1.0,0.333333,0.0,1.0,1.0,1.0,0.5,0.75
45,15,1.0,0.583333,0.0,1.0,1.0,1.0,0.5,0.75
46,0,1.0,0.222222,1.0,0.0,0.0,0.0,0.5,0.75
46,1,1.0,0.416667,1.0,0.0,0.0,0.0,0.5,0.75
46,2,1.0,0.333333,0.0,0.0,0.0,1.0,0.5,0.75
46,3,1.0,0.364583,1.0,0.0,0.0,1.0,0.5,0.75
46,4,1.0,0.666667,1.0,0.0,1.0,0.0,0.5,0.75
46,5,1.0,0.666667,0.0,0.0,1.0,0.0,0.5,0.75
46,6,1.0,0.666667,0.0,0.0,1.0,1.0,0.5,0.75
46,7,1.0,0.444444,1.0,0.0,1.0,1.0,0.5,0.75
46,8,1.0,0.277778,0.0,1.0,0.0,0.0,0.5,0.75
46,9,1.0,0.666667,0.0,1.0,0.0,0.0,0.5,0.75
46,10,1.0,0.166667,0.0,1.0,0.0,1.0,0.5,0.75
46,11,1.0,0.555556,0.0,1.0,0.0,1.0,0.5,0.75
46,12,1.0,0.666667,1.0,1.0,1.0,0.0,0.5,0.75
46,13,1.0,0.333333,0.0,1.0,1.0,0.0,0.5,0.75
46,14,1.0,0.333333,1.0,1.0,1.0,1.0,0.5,0.75
46,15,1.0,0.583333,0.0,1.0,1.0,1.0,0.5,0.75
